{
    "app": {
        "path": "\/assets\/app-20639069c0b2ce5489febfbab30e823a.js",
        "type": "js"
    },
    "\/assets\/bootstrap.js": {
        "path": "\/assets\/bootstrap-c423b8bbc1f9cae218c105ca8ca9f767.js",
        "type": "js"
    },
    "\/assets\/@symfony\/stimulus-bundle\/controllers.js": {
        "path": "\/assets\/@symfony\/stimulus-bundle\/controllers-b8c2d2386f892bc69e509981349ea641.js",
        "type": "js"
    },
    "\/assets\/@symfony\/ux-turbo\/turbo_controller.js": {
        "path": "\/assets\/@symfony\/ux-turbo\/turbo_controller-ce5e32dafdec0b7752f02e3e2cb25751.js",
        "type": "js"
    },
    "\/assets\/controllers\/hello_controller.js": {
        "path": "\/assets\/controllers\/hello_controller-55882fcad241d2bea50276ea485583bc.js",
        "type": "js"
    },
    "\/assets\/controllers\/timeline_controller.js": {
        "path": "\/assets\/controllers\/timeline_controller-ac8e3e70fbd0c8844616eded80e368c7.js",
        "type": "js"
    },
    "\/assets\/styles\/app.css": {
        "path": "\/assets\/styles\/app-9fc384680dce86f05e7b5cbe1b6febe5.css",
        "type": "css"
    },
    "@symfony\/stimulus-bundle": {
        "path": "\/assets\/@symfony\/stimulus-bundle\/loader-e1ee9ace0562f2e6a52301e4ccc8627d.js",
        "type": "js"
    },
    "@hotwired\/stimulus": {
        "path": "\/assets\/vendor\/@hotwired\/stimulus\/stimulus.index-b5b1d00e42695b8959b4a1e94e3bc92a.js",
        "type": "js"
    },
    "@hotwired\/turbo": {
        "path": "\/assets\/vendor\/@hotwired\/turbo\/turbo.index-0ec782120ea86cbcea9f5e0c8e1660fe.js",
        "type": "js"
    }
}