{
    "app": {
        "path": "\/assets\/app-20639069c0b2ce5489febfbab30e823a.js",
        "type": "js"
    },
    "\/assets\/bootstrap.js": {
        "path": "\/assets\/bootstrap-7d6354d3e22b86483b44e32a99d2c73c.js",
        "type": "js"
    },
    "\/assets\/@symfony\/stimulus-bundle\/controllers.js": {
        "path": "\/assets\/@symfony\/stimulus-bundle\/controllers-a5b530bc81d4f7064dd4e10a892f2edf.js",
        "type": "js"
    },
    "\/assets\/@symfony\/ux-turbo\/turbo_controller.js": {
        "path": "\/assets\/@symfony\/ux-turbo\/turbo_controller-ce5e32dafdec0b7752f02e3e2cb25751.js",
        "type": "js"
    },
    "\/assets\/controllers\/hello_controller.js": {
        "path": "\/assets\/controllers\/hello_controller-87b6385829902356204e988334af9bf5.js",
        "type": "js"
    },
    "\/assets\/controllers\/timeline_controller.js": {
        "path": "\/assets\/controllers\/timeline_controller-ac8e3e70fbd0c8844616eded80e368c7.js",
        "type": "js"
    },
    "\/assets\/styles\/app.css": {
        "path": "\/assets\/styles\/app-9fc384680dce86f05e7b5cbe1b6febe5.css",
        "type": "css"
    },
    "@hotwired\/stimulus": {
        "path": "\/assets\/vendor\/@hotwired\/stimulus\/stimulus.index-b5b1d00e42695b8959b4a1e94e3bc92a.js",
        "type": "js"
    },
    "@symfony\/stimulus-bundle": {
        "path": "\/assets\/@symfony\/stimulus-bundle\/loader-e1ee9ace0562f2e6a52301e4ccc8627d.js",
        "type": "js"
    },
    "@hotwired\/turbo": {
        "path": "\/assets\/vendor\/@hotwired\/turbo\/turbo.index-810f44ef1a202a441e4866b7a4c72d11.js",
        "type": "js"
    }
}